cities,instance,algorithm,distance,seconds,status,vs_greedy
8,#20 (primeiras 8),Genetic,328.2777332831359,3.8192595000145957,ok,0.0
8,#20 (primeiras 8),Greedy,328.2777332831359,4.009995609521866e-05,ok,0.0
8,#20 (primeiras 8),Brute force,328.2777332831359,0.0022812000242993236,ok,0.0
9,#20 (primeiras 9),Genetic,328.77175418211453,4.335156699991785,ok,0.0
9,#20 (primeiras 9),Greedy,328.77175418211453,3.559992182999849e-05,ok,0.0
9,#20 (primeiras 9),Brute force,328.77175418211453,0.020470299990847707,ok,0.0
10,#20 (primeiras 10),Genetic,333.8473550507374,3.9563880000496283,ok,0.0
10,#20 (primeiras 10),Greedy,333.8473550507374,3.730005118995905e-05,ok,0.0
10,#20 (primeiras 10),Brute force,333.8473550507374,0.1737833000952378,ok,0.0
20,#20,Genetic,465.68644533989715,4.986707400064915,ok,-19.47507415154367
20,#20,Greedy,578.313410950908,0.00010179996024817228,ok,0.0
20,#20,Brute force,,,timeout,
30,#69,Genetic,455.5898568180506,4.647698499960825,ok,-19.717792030860014
30,#69,Greedy,567.4854595344173,0.00020150002092123032,ok,0.0
30,#69,Brute force,,,timeout,
40,#136,Genetic,546.3401564037639,5.0305024000117555,ok,-12.302361242831727
40,#136,Greedy,622.9816037767686,0.0003263000398874283,ok,0.0
40,#136,Brute force,,,timeout,
50,#132,Genetic,577.7922549505168,5.280224499991164,ok,-12.22570678795758
50,#132,Greedy,658.2704728304724,0.00042509997729212046,ok,0.0
50,#132,Brute force,,,timeout,
60,#207,Genetic,617.81706410545,5.83048880007118,ok,-13.576475181503422
60,#207,Greedy,714.8714026683892,0.0006543999770656228,ok,0.0
60,#207,Brute force,,,timeout,
70,#65,Genetic,723.6425017451842,6.220431900001131,ok,-10.84889164559697
70,#65,Greedy,811.7033148578288,0.0009599999757483602,ok,0.0
70,#65,Brute force,,,timeout,
80,#67,Genetic,747.9503896325929,6.473795099998824,ok,-10.06866933060262
80,#67,Greedy,831.6905621937071,0.0015243999660015106,ok,0.0
80,#67,Brute force,,,timeout,
90,#88,Genetic,785.0220795261752,6.830979000078514,ok,-12.724268459543264
90,#88,Greedy,899.473502736872,0.0019240999827161431,ok,0.0
90,#88,Brute force,,,timeout,
100,#56,Genetic,877.2457192688313,7.238988799974322,ok,-12.342695575864349
100,#56,Greedy,1000.7673918698436,0.0024435999803245068,ok,0.0
100,#56,Brute force,,,timeout,
