experiment,dataset,instance,cities,algorithm,seed,distance,seconds,status,reference,gap_reference,vs_greedy
benchmark,Kaggle tsp_dataset,#20 (primeiras 8),8,Genetic,50,328.2777332831359,4.042488100007176,ok,328.2777332831359,0.0,0.0
benchmark,Kaggle tsp_dataset,#20 (primeiras 8),8,Greedy,,328.2777332831359,3.629992716014385e-05,ok,328.2777332831359,0.0,0.0
benchmark,Kaggle tsp_dataset,#20 (primeiras 8),8,Brute force,,328.2777332831359,0.00212459999602288,ok,328.2777332831359,0.0,0.0
benchmark,Kaggle tsp_dataset,#20 (primeiras 9),9,Genetic,51,328.77175418211453,3.618935100035742,ok,328.77175418211453,0.0,0.0
benchmark,Kaggle tsp_dataset,#20 (primeiras 9),9,Greedy,,328.77175418211453,3.199989441782236e-05,ok,328.77175418211453,0.0,0.0
benchmark,Kaggle tsp_dataset,#20 (primeiras 9),9,Brute force,,328.77175418211453,0.01744159997906536,ok,328.77175418211453,0.0,0.0
benchmark,Kaggle tsp_dataset,#20 (primeiras 10),10,Genetic,52,333.8473550507374,3.7835573999909684,ok,333.8473550507374,0.0,0.0
benchmark,Kaggle tsp_dataset,#20 (primeiras 10),10,Greedy,,333.8473550507374,3.5400036722421646e-05,ok,333.8473550507374,0.0,0.0
benchmark,Kaggle tsp_dataset,#20 (primeiras 10),10,Brute force,,333.8473550507374,0.17909059999510646,ok,333.8473550507374,0.0,0.0
benchmark,Kaggle tsp_dataset,#20,20,Genetic,62,465.68644533989715,4.0329682000447065,ok,,,-19.47507415154367
benchmark,Kaggle tsp_dataset,#20,20,Greedy,,578.313410950908,8.150003850460052e-05,ok,,,0.0
benchmark,Kaggle tsp_dataset,#20,20,Brute force,,,,timeout,,,
benchmark,Kaggle tsp_dataset,#69,30,Genetic,72,455.5898568180506,4.4072491999249905,ok,,,-19.717792030860014
benchmark,Kaggle tsp_dataset,#69,30,Greedy,,567.4854595344173,0.00015739991795271635,ok,,,0.0
benchmark,Kaggle tsp_dataset,#69,30,Brute force,,,,timeout,,,
benchmark,Kaggle tsp_dataset,#136,40,Genetic,82,546.3401564037639,4.939187200041488,ok,,,-12.302361242831727
benchmark,Kaggle tsp_dataset,#136,40,Greedy,,622.9816037767686,0.00024480000138282776,ok,,,0.0
benchmark,Kaggle tsp_dataset,#136,40,Brute force,,,,timeout,,,
benchmark,Kaggle tsp_dataset,#132,50,Genetic,92,577.7922549505168,5.264821800054051,ok,,,-12.22570678795758
benchmark,Kaggle tsp_dataset,#132,50,Greedy,,658.2704728304724,0.0003842000151053071,ok,,,0.0
benchmark,Kaggle tsp_dataset,#132,50,Brute force,,,,timeout,,,
benchmark,Kaggle tsp_dataset,#207,60,Genetic,102,617.81706410545,5.794652299955487,ok,,,-13.576475181503422
benchmark,Kaggle tsp_dataset,#207,60,Greedy,,714.8714026683892,0.0005770999705418944,ok,,,0.0
benchmark,Kaggle tsp_dataset,#207,60,Brute force,,,,timeout,,,
benchmark,Kaggle tsp_dataset,#65,70,Genetic,112,723.6425017451842,6.0297150000697,ok,,,-10.84889164559697
benchmark,Kaggle tsp_dataset,#65,70,Greedy,,811.7033148578288,0.0007861999329179525,ok,,,0.0
benchmark,Kaggle tsp_dataset,#65,70,Brute force,,,,timeout,,,
benchmark,Kaggle tsp_dataset,#67,80,Genetic,122,747.9503896325929,6.286097600008361,ok,,,-10.06866933060262
benchmark,Kaggle tsp_dataset,#67,80,Greedy,,831.6905621937071,0.0011239999439567327,ok,,,0.0
benchmark,Kaggle tsp_dataset,#67,80,Brute force,,,,timeout,,,
benchmark,Kaggle tsp_dataset,#88,90,Genetic,132,785.0220795261752,6.652727900072932,ok,,,-12.724268459543264
benchmark,Kaggle tsp_dataset,#88,90,Greedy,,899.473502736872,0.001509500085376203,ok,,,0.0
benchmark,Kaggle tsp_dataset,#88,90,Brute force,,,,timeout,,,
benchmark,Kaggle tsp_dataset,#56,100,Genetic,142,877.2457192688313,6.976128300069831,ok,,,-12.342695575864349
benchmark,Kaggle tsp_dataset,#56,100,Greedy,,1000.7673918698436,0.0018615999724715948,ok,,,0.0
benchmark,Kaggle tsp_dataset,#56,100,Brute force,,,,timeout,,,
