execution,cities,instance,algorithm,distance,seconds,status
1,8,#20 (primeiras 8),Brute force,328.2777332831359,0.002355900011025369,ok
1,8,#20 (primeiras 8),Genetic,328.2777332831359,3.751252199988812,ok
1,8,#20 (primeiras 8),Greedy,328.2777332831359,4.930002614855766e-05,ok
2,12,#20 (primeiras 12),Brute force,348.79480301389816,21.768486500019208,ok
2,12,#20 (primeiras 12),Genetic,348.79480301389816,4.312662999960594,ok
2,12,#20 (primeiras 12),Greedy,361.10137565870167,6.649992428719997e-05,ok
3,20,#20,Brute force,,,timeout
3,20,#20,Genetic,465.68644533989715,4.3187539000064135,ok
3,20,#20,Greedy,578.313410950908,0.00012630003038793802,ok
4,50,#132,Brute force,,,timeout
4,50,#132,Genetic,577.7922549505168,5.332384100067429,ok
4,50,#132,Greedy,658.2704728304724,0.0004662000574171543,ok
5,100,#56,Brute force,,,timeout
5,100,#56,Genetic,877.2457192688313,7.476402300060727,ok
5,100,#56,Greedy,1000.7673918698436,0.0021671000868082047,ok
